{
  "version": 1,
  "author": "MIGUEL BERTANHA TAVARES DE OLIVEIRA",
  "editor": "wokwi",
  "parts": [
    { "type": "wokwi-breadboard", "id": "bb1", "top": -22.2, "left": -189.2, "attrs": {} },
    {
      "type": "wokwi-pi-pico",
      "id": "pico",
      "top": -18.5,
      "left": 305.25,
      "rotate": 90,
      "attrs": { "env": "micropython-20241129-v1.24.1" }
    },
    {
      "type": "wokwi-hc-sr04",
      "id": "ultrasonic1",
      "top": -65.7,
      "left": -234.5,
      "attrs": { "distance": "115" }
    },
    {
      "type": "wokwi-buzzer",
      "id": "bz1",
      "top": -55.2,
      "left": 69,
      "attrs": { "volume": "0.1" }
    },
    {
      "type": "wokwi-resistor",
      "id": "r1",
      "top": 91.2,
      "left": 76.25,
      "rotate": 90,
      "attrs": { "value": "230" }
    },
    {
      "type": "wokwi-resistor",
      "id": "r2",
      "top": 42.35,
      "left": -96,
      "attrs": { "value": "1000" }
    },
    {
      "type": "wokwi-resistor",
      "id": "r3",
      "top": 32.75,
      "left": -38.4,
      "attrs": { "value": "2000" }
    }
  ],
  "connections": [
    [ "bb1:51b.j", "bb1:bn.41", "black", [ "v0" ] ],
    [ "bb1:28t.e", "bb1:bn.22", "black", [ "v0" ] ],
    [ "bb1:29b.j", "bb1:44b.j", "blue", [ "v0" ] ],
    [ "bb1:4t.e", "bb1:bn.2", "black", [ "v0" ] ],
    [ "bb1:1t.e", "bb1:bp.1", "red", [ "v0" ] ],
    [ "bb1:59b.j", "bb1:bp.48", "red", [ "v28.8" ] ],
    [ "pico:GP0", "bb1:63t.c", "", [ "$bb" ] ],
    [ "pico:GP1", "bb1:62t.c", "", [ "$bb" ] ],
    [ "pico:GND.1", "bb1:61t.c", "", [ "$bb" ] ],
    [ "pico:GP2", "bb1:60t.c", "", [ "$bb" ] ],
    [ "pico:GP3", "bb1:59t.c", "", [ "$bb" ] ],
    [ "pico:GP4", "bb1:58t.c", "", [ "$bb" ] ],
    [ "pico:GP5", "bb1:57t.c", "", [ "$bb" ] ],
    [ "pico:GND.2", "bb1:56t.c", "", [ "$bb" ] ],
    [ "pico:GP6", "bb1:55t.c", "", [ "$bb" ] ],
    [ "pico:GP7", "bb1:54t.c", "", [ "$bb" ] ],
    [ "pico:GP8", "bb1:53t.c", "", [ "$bb" ] ],
    [ "pico:GP9", "bb1:52t.c", "", [ "$bb" ] ],
    [ "pico:GND.3", "bb1:51t.c", "", [ "$bb" ] ],
    [ "pico:GP10", "bb1:50t.c", "", [ "$bb" ] ],
    [ "pico:GP11", "bb1:49t.c", "", [ "$bb" ] ],
    [ "pico:GP12", "bb1:48t.c", "", [ "$bb" ] ],
    [ "pico:GP13", "bb1:47t.c", "", [ "$bb" ] ],
    [ "pico:GND.4", "bb1:46t.c", "", [ "$bb" ] ],
    [ "pico:GP14", "bb1:45t.c", "", [ "$bb" ] ],
    [ "pico:GP15", "bb1:44t.c", "", [ "$bb" ] ],
    [ "pico:GP16", "bb1:44b.h", "", [ "$bb" ] ],
    [ "pico:GP17", "bb1:45b.h", "", [ "$bb" ] ],
    [ "pico:GND.5", "bb1:46b.h", "", [ "$bb" ] ],
    [ "pico:GP18", "bb1:47b.h", "", [ "$bb" ] ],
    [ "pico:GP19", "bb1:48b.h", "", [ "$bb" ] ],
    [ "pico:GP20", "bb1:49b.h", "", [ "$bb" ] ],
    [ "pico:GP21", "bb1:50b.h", "", [ "$bb" ] ],
    [ "pico:GND.6", "bb1:51b.h", "", [ "$bb" ] ],
    [ "pico:GP22", "bb1:52b.h", "", [ "$bb" ] ],
    [ "pico:RUN", "bb1:53b.h", "", [ "$bb" ] ],
    [ "pico:GP26", "bb1:54b.h", "", [ "$bb" ] ],
    [ "pico:GP27", "bb1:55b.h", "", [ "$bb" ] ],
    [ "pico:GND.7", "bb1:56b.h", "", [ "$bb" ] ],
    [ "pico:GP28", "bb1:57b.h", "", [ "$bb" ] ],
    [ "pico:ADC_VREF", "bb1:58b.h", "", [ "$bb" ] ],
    [ "pico:3V3", "bb1:59b.h", "", [ "$bb" ] ],
    [ "pico:3V3_EN", "bb1:60b.h", "", [ "$bb" ] ],
    [ "pico:GND.8", "bb1:61b.h", "", [ "$bb" ] ],
    [ "pico:VSYS", "bb1:62b.h", "", [ "$bb" ] ],
    [ "pico:VBUS", "bb1:63b.h", "", [ "$bb" ] ],
    [ "bz1:1", "bb1:28t.a", "", [ "$bb" ] ],
    [ "bz1:2", "bb1:29t.a", "", [ "$bb" ] ],
    [ "r1:1", "bb1:29t.e", "", [ "$bb" ] ],
    [ "r1:2", "bb1:29b.i", "", [ "$bb" ] ],
    [ "bb1:2t.e", "bb1:60t.b", "green", [ "h-96", "v-144", "h652.8" ] ],
    [ "r2:1", "bb1:8t.c", "", [ "$bb" ] ],
    [ "r2:2", "bb1:14t.c", "", [ "$bb" ] ],
    [ "bb1:3t.d", "bb1:8t.d", "blue", [ "v0" ] ],
    [ "bb1:14t.d", "bb1:59t.b", "blue", [ "v-115.2", "h432" ] ],
    [ "r3:1", "bb1:14t.b", "", [ "$bb" ] ],
    [ "r3:2", "bb1:20t.b", "", [ "$bb" ] ],
    [ "bb1:20t.c", "bb1:bn.15", "black", [ "v0" ] ],
    [ "ultrasonic1:VCC", "bb1:1t.a", "", [ "$bb" ] ],
    [ "ultrasonic1:TRIG", "bb1:2t.a", "", [ "$bb" ] ],
    [ "ultrasonic1:ECHO", "bb1:3t.a", "", [ "$bb" ] ],
    [ "ultrasonic1:GND", "bb1:4t.a", "", [ "$bb" ] ]
  ],
  "dependencies": {}
}