{
  "version": 1,
  "author": "MIGUEL BERTANHA TAVARES DE OLIVEIRA",
  "editor": "wokwi",
  "parts": [
    { "type": "wokwi-breadboard", "id": "bb1", "top": -89.4, "left": -218, "attrs": {} },
    {
      "type": "wokwi-pi-pico",
      "id": "pico",
      "top": -85.7,
      "left": 276.45,
      "rotate": 90,
      "attrs": { "env": "micropython-20241129-v1.24.1" }
    },
    {
      "type": "wokwi-pir-motion-sensor",
      "id": "pir1",
      "top": -130.4,
      "left": -228.18,
      "attrs": {}
    },
    {
      "type": "wokwi-relay-module",
      "id": "relay1",
      "top": 102.2,
      "left": -160.4,
      "rotate": 90,
      "attrs": {}
    },
    {
      "type": "wokwi-led",
      "id": "led1",
      "top": -80.4,
      "left": -53.8,
      "attrs": { "color": "red" }
    },
    {
      "type": "wokwi-resistor",
      "id": "r1",
      "top": 14.4,
      "left": -58.15,
      "rotate": 90,
      "attrs": { "value": "220" }
    }
  ],
  "connections": [
    [ "bb1:56b.j", "bb1:bn.45", "black", [ "v0" ] ],
    [ "bb1:59b.j", "bb1:bp.48", "red", [ "v0" ] ],
    [ "bb1:1t.e", "bb1:bp.1", "red", [ "v0" ] ],
    [ "pico:GP0", "bb1:63t.c", "", [ "$bb" ] ],
    [ "pico:GP1", "bb1:62t.c", "", [ "$bb" ] ],
    [ "pico:GND.1", "bb1:61t.c", "", [ "$bb" ] ],
    [ "pico:GP2", "bb1:60t.c", "", [ "$bb" ] ],
    [ "pico:GP3", "bb1:59t.c", "", [ "$bb" ] ],
    [ "pico:GP4", "bb1:58t.c", "", [ "$bb" ] ],
    [ "pico:GP5", "bb1:57t.c", "", [ "$bb" ] ],
    [ "pico:GND.2", "bb1:56t.c", "", [ "$bb" ] ],
    [ "pico:GP6", "bb1:55t.c", "", [ "$bb" ] ],
    [ "pico:GP7", "bb1:54t.c", "", [ "$bb" ] ],
    [ "pico:GP8", "bb1:53t.c", "", [ "$bb" ] ],
    [ "pico:GP9", "bb1:52t.c", "", [ "$bb" ] ],
    [ "pico:GND.3", "bb1:51t.c", "", [ "$bb" ] ],
    [ "pico:GP10", "bb1:50t.c", "", [ "$bb" ] ],
    [ "pico:GP11", "bb1:49t.c", "", [ "$bb" ] ],
    [ "pico:GP12", "bb1:48t.c", "", [ "$bb" ] ],
    [ "pico:GP13", "bb1:47t.c", "", [ "$bb" ] ],
    [ "pico:GND.4", "bb1:46t.c", "", [ "$bb" ] ],
    [ "pico:GP14", "bb1:45t.c", "", [ "$bb" ] ],
    [ "pico:GP15", "bb1:44t.c", "", [ "$bb" ] ],
    [ "pico:GP16", "bb1:44b.h", "", [ "$bb" ] ],
    [ "pico:GP17", "bb1:45b.h", "", [ "$bb" ] ],
    [ "pico:GND.5", "bb1:46b.h", "", [ "$bb" ] ],
    [ "pico:GP18", "bb1:47b.h", "", [ "$bb" ] ],
    [ "pico:GP19", "bb1:48b.h", "", [ "$bb" ] ],
    [ "pico:GP20", "bb1:49b.h", "", [ "$bb" ] ],
    [ "pico:GP21", "bb1:50b.h", "", [ "$bb" ] ],
    [ "pico:GND.6", "bb1:51b.h", "", [ "$bb" ] ],
    [ "pico:GP22", "bb1:52b.h", "", [ "$bb" ] ],
    [ "pico:RUN", "bb1:53b.h", "", [ "$bb" ] ],
    [ "pico:GP26", "bb1:54b.h", "", [ "$bb" ] ],
    [ "pico:GP27", "bb1:55b.h", "", [ "$bb" ] ],
    [ "pico:GND.7", "bb1:56b.h", "", [ "$bb" ] ],
    [ "pico:GP28", "bb1:57b.h", "", [ "$bb" ] ],
    [ "pico:ADC_VREF", "bb1:58b.h", "", [ "$bb" ] ],
    [ "pico:3V3", "bb1:59b.h", "", [ "$bb" ] ],
    [ "pico:3V3_EN", "bb1:60b.h", "", [ "$bb" ] ],
    [ "pico:GND.8", "bb1:61b.h", "", [ "$bb" ] ],
    [ "pico:VSYS", "bb1:62b.h", "", [ "$bb" ] ],
    [ "pico:VBUS", "bb1:63b.h", "", [ "$bb" ] ],
    [ "relay1:VCC", "bb1:12b.j", "", [ "$bb" ] ],
    [ "relay1:GND", "bb1:11b.j", "", [ "$bb" ] ],
    [ "relay1:IN", "bb1:10b.j", "", [ "$bb" ] ],
    [ "pir1:VCC", "bb1:1t.a", "", [ "$bb" ] ],
    [ "pir1:OUT", "bb1:2t.a", "", [ "$bb" ] ],
    [ "pir1:GND", "bb1:3t.a", "", [ "$bb" ] ],
    [ "led1:A", "bb1:18t.a", "", [ "$bb" ] ],
    [ "led1:C", "bb1:17t.a", "", [ "$bb" ] ],
    [ "bb1:3t.e", "bb1:bn.1", "black", [ "h9.6", "v106.9" ] ],
    [ "bb1:2t.d", "bb1:44t.b", "orange", [ "h-57.6", "v-163.2", "h460.8" ] ],
    [ "bb1:56t.a", "bb1:tn.45", "black", [ "v0" ] ],
    [ "bb1:17t.b", "bb1:tn.10", "black", [ "h-38.4", "v-38.3" ] ],
    [ "r1:1", "bb1:18t.d", "", [ "$bb" ] ],
    [ "r1:2", "bb1:18b.h", "", [ "$bb" ] ],
    [ "relay1:COM", "bb1:18b.i", "white", [ "v30", "h68.6" ] ],
    [ "bb1:12b.i", "bb1:bp.11", "red", [ "h28.8", "v39.3" ] ],
    [ "bb1:11b.i", "bb1:bn.12", "black", [ "v-9.6", "h48", "v58.9" ] ],
    [ "bb1:10b.i", "bb1:44b.j", "blue", [ "h-48", "v182.4", "h374.4" ] ],
    [ "relay1:NO", "bb1:63b.j", "yellow", [ "v78", "h510.6" ] ]
  ],
  "dependencies": {}
}