{
  "version": 1,
  "author": "MARLON FANGER RODRIGUES",
  "editor": "wokwi",
  "parts": [
    { "type": "wokwi-breadboard-half", "id": "bb1", "top": 93, "left": -112.4, "attrs": {} },
    {
      "type": "wokwi-pi-pico",
      "id": "pico",
      "top": 96.7,
      "left": 65.25,
      "rotate": 90,
      "attrs": { "env": "micropython-20241129-v1.24.1" }
    },
    {
      "type": "wokwi-stepper-motor",
      "id": "stepper1",
      "top": -34.79,
      "left": -124.37,
      "attrs": { "size": "17" }
    },
    { "type": "wokwi-a4988", "id": "drv1", "top": 196.8, "left": -177.6, "attrs": {} }
  ],
  "connections": [
    [ "drv1:RESET", "drv1:SLEEP", "blue", [ "h0" ] ],
    [ "bb1:26b.j", "bb1:bp.21", "red", [ "v0" ] ],
    [ "bb1:28b.j", "bb1:bn.23", "black", [ "v0" ] ],
    [ "drv1:STEP", "bb1:12b.j", "orange", [ "h-9.6", "v67.2", "h201.6" ] ],
    [ "drv1:DIR", "bb1:11b.j", "violet", [ "v48", "h182.4" ] ],
    [ "drv1:GND.1", "bb1:bn.1", "black", [ "v0" ] ],
    [ "drv1:VDD", "bb1:bp.1", "red", [ "h9.75", "v19.28", "h36.8" ] ],
    [ "pico:GP0", "bb1:30t.c", "", [ "$bb" ] ],
    [ "pico:GP1", "bb1:29t.c", "", [ "$bb" ] ],
    [ "pico:GND.1", "bb1:28t.c", "", [ "$bb" ] ],
    [ "pico:GP2", "bb1:27t.c", "", [ "$bb" ] ],
    [ "pico:GP3", "bb1:26t.c", "", [ "$bb" ] ],
    [ "pico:GP4", "bb1:25t.c", "", [ "$bb" ] ],
    [ "pico:GP5", "bb1:24t.c", "", [ "$bb" ] ],
    [ "pico:GND.2", "bb1:23t.c", "", [ "$bb" ] ],
    [ "pico:GP6", "bb1:22t.c", "", [ "$bb" ] ],
    [ "pico:GP7", "bb1:21t.c", "", [ "$bb" ] ],
    [ "pico:GP8", "bb1:20t.c", "", [ "$bb" ] ],
    [ "pico:GP9", "bb1:19t.c", "", [ "$bb" ] ],
    [ "pico:GND.3", "bb1:18t.c", "", [ "$bb" ] ],
    [ "pico:GP10", "bb1:17t.c", "", [ "$bb" ] ],
    [ "pico:GP11", "bb1:16t.c", "", [ "$bb" ] ],
    [ "pico:GP12", "bb1:15t.c", "", [ "$bb" ] ],
    [ "pico:GP13", "bb1:14t.c", "", [ "$bb" ] ],
    [ "pico:GND.4", "bb1:13t.c", "", [ "$bb" ] ],
    [ "pico:GP14", "bb1:12t.c", "", [ "$bb" ] ],
    [ "pico:GP15", "bb1:11t.c", "", [ "$bb" ] ],
    [ "pico:GP16", "bb1:11b.h", "", [ "$bb" ] ],
    [ "pico:GP17", "bb1:12b.h", "", [ "$bb" ] ],
    [ "pico:GND.5", "bb1:13b.h", "", [ "$bb" ] ],
    [ "pico:GP18", "bb1:14b.h", "", [ "$bb" ] ],
    [ "pico:GP19", "bb1:15b.h", "", [ "$bb" ] ],
    [ "pico:GP20", "bb1:16b.h", "", [ "$bb" ] ],
    [ "pico:GP21", "bb1:17b.h", "", [ "$bb" ] ],
    [ "pico:GND.6", "bb1:18b.h", "", [ "$bb" ] ],
    [ "pico:GP22", "bb1:19b.h", "", [ "$bb" ] ],
    [ "pico:RUN", "bb1:20b.h", "", [ "$bb" ] ],
    [ "pico:GP26", "bb1:21b.h", "", [ "$bb" ] ],
    [ "pico:GP27", "bb1:22b.h", "", [ "$bb" ] ],
    [ "pico:GND.7", "bb1:23b.h", "", [ "$bb" ] ],
    [ "pico:GP28", "bb1:24b.h", "", [ "$bb" ] ],
    [ "pico:ADC_VREF", "bb1:25b.h", "", [ "$bb" ] ],
    [ "pico:3V3", "bb1:26b.h", "", [ "$bb" ] ],
    [ "pico:3V3_EN", "bb1:27b.h", "", [ "$bb" ] ],
    [ "pico:GND.8", "bb1:28b.h", "", [ "$bb" ] ],
    [ "pico:VSYS", "bb1:29b.h", "", [ "$bb" ] ],
    [ "pico:VBUS", "bb1:30b.h", "", [ "$bb" ] ],
    [ "stepper1:A-", "bb1:4t.a", "", [ "$bb" ] ],
    [ "stepper1:A+", "bb1:5t.a", "", [ "$bb" ] ],
    [ "stepper1:B+", "bb1:6t.a", "", [ "$bb" ] ],
    [ "stepper1:B-", "bb1:7t.a", "", [ "$bb" ] ],
    [ "bb1:4t.e", "drv1:2B", "#8f4814", [ "v0" ] ],
    [ "bb1:5t.e", "drv1:2A", "#8f4814", [ "v0" ] ],
    [ "bb1:6t.e", "drv1:1A", "purple", [ "v0" ] ],
    [ "bb1:7t.e", "drv1:1B", "purple", [ "v0" ] ],
    [ "drv1:ENABLE", "bb1:bn.2", "black", [ "h9.6", "v96", "h94.4" ] ]
  ],
  "dependencies": {}
}